{"count":1,"self":58.883737599999996,"total":58.9023681,"children":{"AgentResetIfDone":{"count":88,"self":0.0019718,"total":0.0019718,"children":null},"AgentSendState":{"count":88,"self":0.0058623999999999994,"total":0.0108694,"children":{"CollectObservations":{"count":88,"self":0.005007,"total":0.005007,"children":null}}},"DecideAction":{"count":88,"self":0.0047942,"total":0.0047942,"children":null}}}