{"count":1,"self":29.3783776,"total":32.3936317,"children":{"AgentResetIfDone":{"count":1536,"self":0.019557599999999998,"total":0.019557599999999998,"children":null},"AgentSendState":{"count":1536,"self":0.0414394,"total":0.0909265,"children":{"CollectObservations":{"count":1536,"self":0.0494871,"total":0.0494871,"children":null}}},"DecideAction":{"count":1536,"self":2.3692244,"total":2.3692245,"children":null},"AcademyStep":{"count":1536,"self":0.0069752999999999994,"total":0.0069752999999999994,"children":null},"AgentAct":{"count":1536,"self":0.5285704,"total":0.5285704,"children":null}}}