{"count":1,"self":1.9828295999999999,"total":1.994294,"children":{"AgentResetIfDone":{"count":67,"self":0,"total":0,"children":null},"AgentSendState":{"count":67,"self":0.0019954,"total":0.007776,"children":{"CollectObservations":{"count":67,"self":0.0057805999999999995,"total":0.0057805999999999995,"children":null}}},"DecideAction":{"count":67,"self":0.0027139,"total":0.0027139,"children":null}}}