{"count":1,"self":3.4504151999999997,"total":26.4910277,"children":{"AgentResetIfDone":{"count":6167,"self":0.0635105,"total":0.0635105,"children":null},"AgentSendState":{"count":6167,"self":0.13359479999999999,"total":0.39244829999999997,"children":{"CollectObservations":{"count":6167,"self":0.2588535,"total":0.2588535,"children":null}}},"DecideAction":{"count":6167,"self":20.1155664,"total":20.196654499999998,"children":{"AgentInfo.ToProto":{"count":6167,"self":0.08108739999999999,"total":0.08108739999999999,"children":null}}},"AcademyStep":{"count":6167,"self":0.0377275,"total":0.0377275,"children":null},"AgentAct":{"count":6167,"self":2.349244,"total":2.3492441,"children":null}}}