{"count":1,"self":113.11155199999999,"total":301.93413899999996,"children":{"AgentResetIfDone":{"count":50003,"self":0.47382769999999996,"total":0.47382769999999996,"children":null},"AgentSendState":{"count":50003,"self":1.1735014,"total":3.2745078999999997,"children":{"CollectObservations":{"count":50003,"self":2.1010063999999997,"total":2.1010065,"children":null}}},"DecideAction":{"count":50003,"self":163.28244479999998,"total":164.04105199999998,"children":{"AgentInfo.ToProto":{"count":50003,"self":0.7586098,"total":0.7586098,"children":null}}},"AcademyStep":{"count":50003,"self":0.2379046,"total":0.2379046,"children":null},"AgentAct":{"count":50003,"self":20.794292799999997,"total":20.794292199999997,"children":null}}}