{"count":1,"self":2.9130165999999997,"total":2.9316058999999997,"children":{"AgentResetIfDone":{"count":116,"self":0.0009985,"total":0.0009985,"children":null},"AgentSendState":{"count":116,"self":0.0019949,"total":0.008898399999999999,"children":{"CollectObservations":{"count":116,"self":0.0069035,"total":0.0069035,"children":null}}},"DecideAction":{"count":116,"self":0.0076717999999999995,"total":0.0076717999999999995,"children":null}}}