{"count":1,"self":1.0140552999999999,"total":7.2790965,"children":{"AgentResetIfDone":{"count":1417,"self":0.0168765,"total":0.0168765,"children":null},"AgentSendState":{"count":1417,"self":0.0336052,"total":0.0821985,"children":{"CollectObservations":{"count":1417,"self":0.0485933,"total":0.0485933,"children":null}}},"DecideAction":{"count":1417,"self":5.6258979999999994,"total":5.6436354999999994,"children":{"AgentInfo.ToProto":{"count":1417,"self":0.0177374,"total":0.0177374,"children":null}}},"AcademyStep":{"count":1417,"self":0.0059210999999999995,"total":0.0059210999999999995,"children":null},"AgentAct":{"count":1417,"self":0.5153877,"total":0.5153877,"children":null}}}