{"count":1,"self":24.2727872,"total":26.8393767,"children":{"AgentResetIfDone":{"count":1268,"self":0.0089687,"total":0.0089687,"children":null},"AgentSendState":{"count":1268,"self":0.0409955,"total":0.1096957,"children":{"CollectObservations":{"count":1268,"self":0.0687002,"total":0.0687002,"children":null}}},"DecideAction":{"count":1268,"self":2.0036896,"total":2.0036897,"children":null},"AcademyStep":{"count":1268,"self":0.010957399999999999,"total":0.010957399999999999,"children":null},"AgentAct":{"count":1268,"self":0.43228099999999997,"total":0.43228099999999997,"children":null}}}