{"count":1,"self":2.098057,"total":2.1020884,"children":{"AgentResetIfDone":{"count":76,"self":0,"total":0,"children":null},"AgentSendState":{"count":76,"self":0.0020338,"total":0.0030312,"children":{"CollectObservations":{"count":76,"self":0.00099739999999999985,"total":0.00099739999999999985,"children":null}}}}}