{"count":1,"self":13.7806208,"total":15.1812261,"children":{"AgentResetIfDone":{"count":696,"self":0.0029514999999999997,"total":0.0029514999999999997,"children":null},"AgentSendState":{"count":696,"self":0.0186388,"total":0.0351864,"children":{"CollectObservations":{"count":696,"self":0.0165476,"total":0.0165476,"children":null}}},"DecideAction":{"count":696,"self":1.1120953999999998,"total":1.1120953999999998,"children":null},"AcademyStep":{"count":696,"self":0.0019944,"total":0.0019944,"children":null},"AgentAct":{"count":696,"self":0.24738059999999998,"total":0.24738059999999998,"children":null}}}